Run,Time
0,1.92400
1,1.90600
2,1.90700
