Run,Time
0,0.00200
1,0.00200
2,0.00200
