Run,Time
0,10.88300
1,10.90200
2,10.83200
