Run,Time
0,0.01700
1,0.01700
2,0.01600
