Run,Time
0,5.93400
1,5.92000
2,5.94200
