Run,Time
0,0.00600
1,0.00600
2,0.00600
