Run,Time
0,1.19200
1,1.18100
2,1.20000
