Run,Time
0,0.52300
1,0.49700
2,0.49600
