Run,Time
0,0.88600
1,0.88800
2,0.88000
