Run,Time
0,7.44700
1,7.44300
2,7.43000
