Run,Time
0,1.17900
1,1.19900
2,1.19700
