Run,Time
0,6.47200
1,6.47000
2,6.38400
