Run,Time
0,0.01100
1,0.01100
2,0.01100
