Run,Time
0,1.70600
1,1.70200
2,1.70300
