Run,Time
0,0.00300
1,0.00300
2,0.00300
