Run,Time
0,20.19300
1,20.19300
2,20.19200
