Run,Time
0,0.01600
1,0.01600
2,0.01600
