Run,Time
0,7.49200
1,7.49100
2,7.48800
