Run,Time
0,0.53800
1,0.53900
2,0.53900
