Run,Time
0,0.60500
1,0.53700
2,0.62600
