Run,Time
0,0.18700
1,0.18600
2,0.18600
