Run,Time
0,3.08100
1,3.08100
2,3.07700
