Run,Time
0,7.87100
1,7.88000
2,7.86600
