WorldSize,Run,ActualTime
2,0,13.307878494262695
4,0,8.55131196975708
8,0,10.292033672332764
16,0,15.686997175216675
